var_i,var_j,2000,2001,2002,2003,2004,2005,2006,2007,2008,2009,2010,2011,2012,2013,2014,2015,2016,2017,2018,2019,2020,2021,2022,2023
AET,AI,0.6385820124906217,0.6407847766614458,0.5272886499679998,0.5709072366230306,0.6243934639252443,0.6564600391581998,0.5709854098309605,0.5814960468575596,0.524311792341832,0.7162633513793563,0.551938245034017,0.716883532248115,0.5652120893089474,0.6254528591718908,0.6449893771316094,0.5947609223550349,0.4703666059765709,0.6805527170015856,0.5927568523680048,0.6185802002280886,0.6287162845825347,0.6852502077022538,0.6249578954383155,0.7109391006909727
AET,FS,0.2656677484915939,0.1695781250980046,,,0.1851067497646029,0.2498135322635473,0.2018300594181005,,,0.2836920914700646,,0.2672563778320722,0.2036697801777204,0.2487846787231632,0.1966677822470002,0.1768648033491023,,0.1873693689312298,0.2026677512157185,0.1950118928370807,0.2618723193730737,0.3020889821630171,0.1938171135006743,0.2935245345309834
AET,FVC,0.3641696499166617,0.3036871297691597,0.2732724796507185,0.2664115909973277,0.3055021601677403,0.3418349462034931,0.2969116217073397,0.2289768826289293,0.2748233812146946,0.3980360952842729,0.2888095800064001,0.3649300691185042,0.3017561610344869,0.3441212428873519,0.3385792027001589,0.2944554241137633,0.2520522221134206,0.2997656810688879,0.3025787548988023,0.304526029519906,0.3564145433342083,0.3774212751765266,0.3050634712299986,0.3651906162552597
AET,GD,0.2197557666525961,,,,,,,,,,,,,,,,,,,,,,,
AET,GP,,,,,,,0.1945554803309926,,,,,,,,,,,,,,,,,
AET,NDMI,0.2665248226152561,0.2297384625023062,0.2056784194798697,0.2092105445400404,0.2454749800200223,0.2709722692597219,0.2381739149037174,,0.2072160435137842,0.2694217929413156,0.2176305937516437,0.283496937850276,0.2447716064903395,0.2848788737340471,0.2620796765676494,0.212398166560984,0.1905668755544572,0.2251779204718468,0.2458359868299155,0.2373852839613811,0.2713819265665859,0.303951825214109,0.2561277363504118,0.2871769412988731
AET,NIRv,0.3680358337464877,0.292119722879458,0.2758179697450451,0.2703864319082031,0.2989984043785328,0.343221095251869,0.3045099577190747,0.2386089617778076,0.2798194128716063,0.3695915369032436,0.2836012179469261,0.3533186727238334,0.3072098398594988,0.3486593486680078,0.3179211327254924,0.3092776357933174,0.2651637846124082,0.3009734865274559,0.3332232210484784,0.2973372865098226,0.3729033450934605,0.3898872156009286,0.2889954750550818,0.3739241954608187
AET,PET,0.3860748010005142,0.2951938500122021,0.2987110212488491,0.2804644410718092,0.3132848594800383,0.359976425120665,0.2828659829244587,0.2756244143398941,0.2796978946273739,0.4287474688494986,0.3247260955295658,0.4197480388666069,0.3353951275796852,0.4119799724509315,0.3782032397742946,0.3087523491123163,0.2793918713872065,0.3660204180484151,0.3336757967851152,0.3013991211407024,0.3607291303675351,0.428424661199951,0.3075154194948638,0.4055007544119047
AET,PRE,0.8370503323237672,0.7825634884792132,0.7695495092930105,0.7453979599854849,0.7623723101179005,0.8727865840847713,0.8900809909202129,0.8078502695568492,0.7928948099626251,0.8311369865344985,0.7729035353439172,0.7717243062350297,0.7563213700916976,0.7662521393459488,0.8550016884744049,0.7234984447896181,0.6903957615332809,0.7841726900278897,0.8168035747794429,0.823773969688042,0.7800888098100195,0.8034213579640852,0.8093323677931773,0.7673756372835423
AET,SM,0.3680439370187359,0.3604271328719896,0.3478400248759287,0.3736740060212818,0.3559068827086475,0.3527015773988287,0.3631008209202608,0.2891811500469753,0.3438407030673633,0.3813730105797916,0.3227591579542226,0.390712272284526,0.3663331847313062,0.3767820433589591,0.3925278210047352,0.3054541232342693,0.2999508563859926,0.3574885913803313,0.3409757077398462,0.3613711928475908,0.3850330976759942,0.4114764597576454,0.3691006523422105,0.4289582804246615
AET,SPEI6,,,,,,0.2684902272407227,,,,0.2715125386433646,,0.2619445928810588,,0.3306597865828021,,,,,,,,0.2671267902457317,,
AET,T,0.2445016475821274,0.1929103351713945,0.183848565351909,0.1811766185800294,0.1902094831780988,0.1958538962201681,0.198391450097553,,,0.2678701436724575,0.2097226277303018,0.2233130048538856,0.2030175689457663,0.2695930109447451,0.2461937350308039,0.1868617181691218,0.1934482548800083,0.220938707676549,0.1994699810726387,0.182288775901256,0.2251179462653718,0.2916035520662263,0.1736032637369693,0.2527168916594522
AET,WECS,0.2179585420465415,,,,,0.1975725136123936,,,,0.2177676782703831,,0.2351332102429871,,,0.2128020850405612,,,,,,0.1941041842584244,,,0.191405923437132
AET,WS2,0.2129461837949174,0.1767859170241243,,,,,,,,,,,,,0.2184085743143117,,,,,,,,,0.1876692989224085
AI,FS,0.3144509993197134,0.2129853566714759,0.2614505030464248,0.2347624892488616,0.2433721471248043,0.3035947863158145,0.2809242037493475,0.1929721385511083,0.2691608998104889,0.2938772610288931,0.268496469832809,0.2900966674625232,0.2818472085237809,0.3245060386272704,0.2435183541765067,0.2690298518973415,0.2808966559878044,0.2163806507455049,0.282893643747837,0.2442533867091132,0.3264276986421819,0.3376915810063437,0.2468800773281235,0.3152991120228085
AI,FVC,0.4002066316335124,0.3473881087702508,0.3585837871273332,0.3223986569275138,0.3607456396313622,0.390128634000112,0.3680559599592423,0.3010964583503924,0.3669678067927693,0.404340373989366,0.3765607555873377,0.3917320896585548,0.3696498182336373,0.411011674026964,0.3668568686633673,0.3767625066225513,0.3774203218353235,0.3355152135007473,0.3639659752934984,0.3539967307775735,0.3991782444591703,0.4000487402887978,0.3531283546944492,0.3728798351393029
AI,GD,0.2176921009678513,,,,,,,,,,,,,,,,,,,,,,,
AI,GP,,0.1779584912332401,0.1751760946087696,0.1902807240726004,0.1914820481888376,,0.2146249637399284,0.1819580977964251,0.2059077505890372,,0.2039378227575696,,0.2085742527475057,,,0.1957754059657555,0.200420092715167,,0.2014327075588389,0.1841798218126864,0.1834146052677078,,,
AI,NDMI,0.278018516206521,0.2604184542888599,0.2708338818873236,0.2500643449517964,0.2989308758079767,0.2999980448291803,0.2901395751261338,0.209224482073672,0.2787697215459616,0.2782405945862078,0.2806932176147741,0.3036647964737293,0.2944560209171914,0.3575643553478744,0.281862044096328,0.2694191267511873,0.2539637182571939,0.244893074751778,0.2844208839764401,0.2665598275201191,0.2992088609566934,0.319094737133467,0.2813131231589486,0.2851156135157611
AI,NIRv,0.3869919110892661,0.3221850575278299,0.3370484897530655,0.3023996154114733,0.3443620065995669,0.3816874053519156,0.3639950435907029,0.2990534727269365,0.3442502364491048,0.3652976156169905,0.3672275773919901,0.3749093138312711,0.3654342301985883,0.3868849173351042,0.3388683938242535,0.3790679331223566,0.3733897426808237,0.3259646233636072,0.3757560521255288,0.3178269440229107,0.3820128890291265,0.3884981264125113,0.3216140138629296,0.3683699919322699
AI,PET,0.4785530705473777,0.3716134164134093,0.4145272265031223,0.395872701123158,0.3839573962151961,0.456715367351959,0.3925346512115377,0.3833515020630194,0.4136832553597768,0.4972726839368365,0.4258567524108683,0.507172597079713,0.4516012283526045,0.5308656472273088,0.4510750644949196,0.4247367805538851,0.4030385990378656,0.4309293534630503,0.4587137110924179,0.3854272458405487,0.4553752727645777,0.5254433429565425,0.3976167688521699,0.4609306911230267
AI,PRE,0.6474819426027771,0.607024112179597,0.5335338496328741,0.5939326440536213,0.5841883912446088,0.6519089057743956,0.5732210165942495,0.5697507221854233,0.559585765734476,0.720620870297067,0.585200511801075,0.7204514498004506,0.5872588975947884,0.6878287763268206,0.6421277464877722,0.5584647901511778,0.5249390540963237,0.632003020920644,0.603769451583174,0.63317392876747,0.6743736164803922,0.6978891239572622,0.6135516655983767,0.6751067735877918
AI,SM,0.3936087730954864,0.3946059028442884,0.3768176148390485,0.4492117691326325,0.3949151798137439,0.3790358119911968,0.4179458051742307,0.3475664727094159,0.4023183783762621,0.3957731079229777,0.3873001625427865,0.3966684476210849,0.4329549842841064,0.4469651157646127,0.4319265428068501,0.3916823309292783,0.4068278429607428,0.3846105234839533,0.4108804460302963,0.4308083575887295,0.4469437177281614,0.4815108777799824,0.4451404003557043,0.4430747568263008
AI,SPEI6,,,0.1882301093727237,0.2080680192382267,,0.2596022687623769,,0.1722320083198805,0.2240115134785642,0.2723428325673305,,0.2856127925641439,,0.4145520871936563,,,,,,,,0.325143345734744,0.1865172210022257,0.1877812287394497
AI,T,0.2963634507545241,0.238331960821565,0.2541703468221191,0.237169543806669,0.2328031043893832,0.2477677712301539,0.267404746697222,0.2222920865189151,0.2587237319152097,0.3028153374083439,0.2508716213697682,0.2671428497632059,0.2639684963225145,0.3435237235639082,0.2762990160814964,0.2614065302165669,0.2626090290887671,0.256599854383533,0.266964205459499,0.2268370843044032,0.2697982333491376,0.3499460212509044,0.2300190678231616,0.2823494086003406
AI,WECS,0.2182037959398057,0.200816172017198,0.2032962792561573,0.1913871860623417,0.1986208127089676,0.2252734189732697,0.2320298219108009,0.1764032593964576,0.2150510046242952,0.2282287527429021,,0.2601954597878274,0.2145533293193973,0.2481357678052952,0.2186563485982902,0.2059576773642666,0.1985738879816453,0.2007159784659555,0.2338523023259355,0.2132812931342449,0.2426259287785811,0.2576781020754969,0.1821461813114894,0.1909899311121623
AI,WS2,,0.1968904166236563,0.1917550942345133,0.1951585624416184,0.188183896201761,,0.2146046559756434,0.1860926524618443,0.1925211842882026,,0.2297432132224213,,0.1932845563993017,,0.2061479975694114,0.198382457903566,0.1888148934081613,0.1896566810151569,0.2032566498858621,0.187522062561301,,0.21931388784458,0.1718984699262213,0.1885862730432103
CP,GP,0.3016646116754628,0.315164230370677,0.3200206294941015,0.3326723623572644,0.3350840656421958,0.3359140911598504,0.3359424411965256,0.3326554272589961,0.3323422462485609,0.3307963640291518,0.3272818850225082,0.3276339848834987,0.3305228182441129,0.3288804199449663,0.3272817812160803,0.3251455129388526,0.3345250298756779,0.3347530278595842,0.3293492311434061,0.3311321662034808,0.3303257121058984,0.3290738900613797,0.3307526305223674,0.3307526305223674
CP,GS,0.3237871761211695,0.3347079114779819,0.3379521643152684,0.3069500061286541,0.3468069554087872,0.3837871698905561,0.3857431587928535,0.3776513346117123,0.3970796962605857,0.3861804347361655,0.3924172710942858,0.3999040782862751,0.4014827882076455,0.4087042682179019,0.404523544312127,0.4141265675970202,0.4187085553664331,0.4193577346358402,0.4130639313247208,0.424139431168689,0.426615092812073,0.4269497051371427,0.4243274675880856,0.4240841641334517
FD,LD,1,1,1,1,1,1,0.9999930052350096,1,1,1,1,1,1,0.999993008308528,1,1,1,1,1,1,1,1,1,1
FS,FVC,0.3022594635583599,0.3552284905433388,0.3361051527821534,0.3243723246109706,0.344077821432308,0.371301509286049,0.3494193090658771,0.3269002339971699,0.3345142515587779,0.3731947530833664,0.3791950423520756,0.3583238765123703,0.3395408599738356,0.3688316547439622,0.3752925086955235,0.384879989431824,0.3465070431351926,0.3527449026045322,0.3209409343052835,0.3513286091161064,0.3535671490325504,0.375890048608487,0.3444111621667731,0.3611095206674386
FS,GP,0.2554986013672868,0.2515066121921536,0.2543510500556205,0.2537992629992794,0.2590957389993687,0.2601559590156366,0.2578246795925986,0.259992299044378,0.2556389622328489,0.2582081397650822,0.2576143334253152,0.2593190868412922,0.2592416606044171,0.2600734322978069,0.2628719949437585,0.2629326420161783,0.2694479362052416,0.2699891249102701,0.2661474058773564,0.2713682736577356,0.2698874074927729,0.2676776193157839,0.2734546713668729,0.2729481921604733
FS,NDMI,,0.183285011058657,0.2082799119058139,0.2241043739010587,0.2133322864381338,0.2363434523837032,0.2260336134780527,,0.2547990810578345,,0.227090252224751,0.260149520553991,0.2455789021147428,0.2626616832112026,0.247383925251247,0.2197733154615834,0.1721712580066231,0.2135265783229507,0.2404767036930038,0.242637630812835,0.2528472062204051,0.2849990677664061,0.2257034335922009,0.2577978842792031
FS,NIRv,0.278284005460053,0.3175532953829141,0.3086576235550922,0.294850553935134,0.3119147778032534,0.3471348638602619,0.317924686019187,0.2913428898009376,0.3186786001747632,0.3340159581247877,0.3322888883913065,0.3285745003246097,0.3178477458268046,0.3435153061172182,0.3552976652196175,0.3328708179555517,0.3120252433812201,0.3359185259723616,0.3197922017241078,0.3274627453834177,0.3408535641623934,0.3491012759123448,0.3469276014461176,0.3425796621417922
FS,PET,0.2629308250757926,0.2681542217488881,0.2654010510625013,0.2715977569118214,0.2829743994184047,0.3046626955578916,0.2593958990528501,0.278154910560393,0.2800753462273979,0.2964949368871359,0.304621956061227,0.3149619305078818,0.2926399451007939,0.287606229942365,0.3000243820502783,0.3005874576459913,0.2553123003071296,0.2470120598910219,0.2917426376727417,0.2544466956706914,0.2744666761150071,0.2706705268789639,0.2829798857517069,0.2589755575436468
FS,PRE,0.268782498298668,,,0.1749448479926342,,0.2446222843534486,0.2017567635167861,,0.1883471003652914,0.2694695701725021,,0.2572695576453625,0.2110889938156349,0.2947715886050669,0.19019214829822,,,,0.2042256597715997,0.192057778434346,0.2815302934448998,0.3144467104588832,0.1850960840133401,0.2752085033054591
FS,SM,0.2096133215161586,0.204261510431355,0.1901334059425643,0.1944478419376305,0.2105944218595817,0.2352467755955681,0.2340695467100106,0.1999722618418877,0.1983705876883393,0.2100617218955649,0.210130484752082,0.2421552728677059,0.230247550944363,0.2666379138663113,0.267543098635672,0.2481115109568677,0.2256930071790593,0.2392500484518185,0.2198482399680873,0.2295747293845199,0.238317888043542,0.2829046638545632,0.2768819438535209,0.2535272831458995
FVC,GD,0.2136909876540665,,,,,,,,,,,,,,,,,,,,,,,
FVC,GP,,0.1893328486335544,0.185570949744508,0.1786952586059228,0.1948988095257352,,,0.2204960485230188,0.1894080485336017,,0.2134194604795113,,0.1937822756269772,,0.1914818577850848,0.1935735200960765,0.2185178676260456,0.2106296910817507,0.1939836641136255,0.20662160270612,0.2093975424412776,,0.1972032646307085,0.1984643419642128
FVC,NDMI,0.3325059561364584,0.3540017686766358,0.3994723090249225,0.3835895409800512,0.3813194036240371,0.4046069866749943,0.3910665014309376,0.3244744775431495,0.4354016734755722,0.3686091929371094,0.3819346963458701,0.4266253887376338,0.4166835877464428,0.3947932151765921,0.4053918422545592,0.3693831462987039,0.3512700372153752,0.3769885958942965,0.4193594280014937,0.4057570847519662,0.4063377768927618,0.4223262953855044,0.3860492405561144,0.4056697046374238
FVC,NIRv,0.5031784624476566,0.512542274896347,0.5101539101093311,0.469081346708604,0.5047341194663179,0.5339672237457372,0.5040786017234034,0.491663149853757,0.4890205332447304,0.5089806404112682,0.5282016699842039,0.5078989737131316,0.4940339727928929,0.5016303540713096,0.5220430104129511,0.5111114722771125,0.5112136178507878,0.5054094973642154,0.4899862270955095,0.5035290468733418,0.4956341150394703,0.5115037292321767,0.4896824395130142,0.517220706112473
FVC,PET,0.3428072805957989,0.3359265419032076,0.3163481769549691,0.3166105488378353,0.3351864696612876,0.3622595837586008,0.3203933059536563,0.3098508978563127,0.3297581987154194,0.3541703289480123,0.3506808198133745,0.3713550891292109,0.3450952373704057,0.3509258322338468,0.3549962615498249,0.3567470318201404,0.3029177918711359,0.3204108376743484,0.3184358829424732,0.30573299657672,0.3183810294239381,0.3309701507062168,0.3229174695133643,0.3131510099455976
FVC,PRE,0.3620389429791393,0.2887013634338319,0.2794097297810632,0.2770995187398599,0.2833337202125048,0.3384748138487251,0.2968470380055871,0.2253707212248939,0.2911113977174999,0.3866410404432798,0.2982956663761769,0.3653658261865157,0.2998605357256674,0.3916482905727382,0.3300192472221006,0.2859931738731255,0.2784747372463689,0.2851069866932338,0.3071098199082271,0.3020514599273266,0.3756023782905202,0.3835125528436216,0.2961609203386786,0.3487043855659918
FVC,SM,0.3090290785160985,0.2905832070230295,0.2681282796590913,0.2586739204965834,0.2844656759955131,0.3082404574933017,0.2976787083293458,0.2777184131378599,0.2746165923476885,0.3153861634007306,0.3092492838101044,0.3097121833891819,0.3019515448509274,0.3415056114889317,0.3418697050560144,0.3225488837815369,0.306452848774752,0.3097106409903257,0.2872665034687512,0.3097668466499121,0.3125387525919375,0.3444531055224731,0.326110238028395,0.3096291390695569
FVC,SPEI6,,,,0.204883987146308,,,,,0.1902774743612463,,,,,0.2904896690293569,,,,,,,,,,
FVC,T,0.2345769620032892,0.2159022640761382,0.22578375191213,0.2037336446616298,0.1953484934033526,0.2181689452211145,0.2223829962587574,0.2026937619166601,0.2106057532307954,0.2449402995439399,0.2334684772028068,0.2219753976935194,0.2140027413436935,0.2337122668495527,0.2289593710743946,0.2274997551791712,0.202759758812776,0.2144279635817347,0.2016855249065404,0.1959910842335401,0.2079382106728825,0.2196281226141797,0.206436904825776,0.2074612247373233
FVC,WECS,0.25700492711607,0.2526763058490311,0.2646786433376183,0.2216113550265726,0.2329761202569128,0.276267031487809,0.264157256958303,0.2424953288249797,0.2430163540227954,0.2680777940905707,0.2238811593205714,0.2781943414226655,0.2261994464881844,0.2508665239744333,0.2427133621190863,0.2504578849674075,0.2415031028461405,0.2316568491627621,0.2322360786226075,0.2584386404117234,0.2487500376159293,0.2474796888432666,0.2321358525992824,0.2391218163053619
FVC,WS2,,0.174324398904531,0.1803600916566017,,0.1761304354671038,,,0.1779775471433643,,,0.2154427461279722,,,,,0.1805784090607193,0.1744819616696128,,,,,,,
GD,NIRv,0.2089726482761513,,,,,,,,,,,,,,,,,,,,,,,
GD,PET,0.22418433719551,,,,,,,,,,,,,,,,,,,,,,,
GD,POP,0.7932093017320541,0.7647285323439394,0.7784436606740482,0.8547975610053193,0.8904849063185342,0.7796770818158709,0.8187281368364788,0.8212714907449292,0.8203089359024643,0.8172423127227647,0.8226955179597379,0.8312274748556886,0.8093881794090708,0.8309811911249527,0.762810291682436,0.7648396764389619,0.7654256046948796,0.7916499325903319,0.797055136269956,0.7941178898734759,0.7934657212441605,0.8833749831583174,0.875100239893969,0.9392365017290056
GD,PRE,0.2111663489462219,,,,,,,,,,,,,,,,,,,,,,,
GD,T,0.2122529782544401,,,,,,,,,,,,,,,,,,,,,,,
GP,GS,,,,,,0.2025844118833599,0.200711353771757,0.2085470322836483,0.2025664812282002,0.2222285142593439,0.2199697801460026,0.2139643497911798,0.2139567313603507,,0.2101178157178962,0.2185892264781798,0.2254896603130055,0.2243359702522768,0.2129326990585852,0.215507700739859,0.2143109911147025,0.2140222581591049,0.2121725679695362,0.2125273592320709
GP,NDMI,,,,,,,,,,,,,0.1788837189340049,,,,,0.1916028886928881,0.1949078446284043,0.1925193931909533,0.1924658429472365,,0.1760261526573754,0.1870393954081705
GP,NIRv,,0.1695015076244463,0.186141774001579,,0.1740730338021856,,,0.213437661080756,,,0.1995784327000638,,,,,0.178252927936212,0.2015568575493913,0.2008623257724614,0.1834832836505595,0.1860140189375917,,,0.1736513952507866,
GP,PRE,,,,,,,0.197215042653732,,,,,,,,,,,,0.1794242206596744,,,,,
NDMI,NIRv,0.3212791494695124,0.3421154310975051,0.3826748118737258,0.374772392153698,0.3554668167788422,0.3915129643955581,0.3778089459111965,0.3069937682328926,0.396173635326817,0.3418672686655997,0.3666517551793964,0.4017824446219111,0.3783364484569984,0.3634491723921697,0.3947054611011544,0.3738987831721125,0.3326219108035262,0.3759222568915641,0.397198338134178,0.3901587881810711,0.3857640140962734,0.4043535122334026,0.3612204763855101,0.4046294273211065
NDMI,PET,0.2508440386049445,0.2225784173741549,0.2423761520074205,0.2243887709640808,0.2614187587349271,0.2675095102606606,0.2520996819896425,0.211874627159087,0.2684597965389138,0.2460117353950835,0.2788795218506829,0.292696070218551,0.2869985934075814,0.3216403289670783,0.2519844001364492,0.2297167490179917,0.226925329383397,0.2058636408176346,0.2501547798862847,0.2228905370171814,0.2486676093521674,0.2656097621033838,0.2219548672559852,0.2343987466770992
NDMI,PRE,0.2595177335217615,0.2195857500581433,0.2086506241707936,0.2177106182098793,0.2268156285943856,0.2678278334519675,0.2378029601095308,,0.217669822241898,0.2670744842257276,0.2211228221784991,0.2815274523736835,0.2444536024140639,0.32356481570381,0.2561522995097804,0.208412612661649,0.2000611230773075,0.2131969571510228,0.2492842089218774,0.2343324411403834,0.2878243946621546,0.3083284124406998,0.2487003709770125,0.2719565615181346
NDMI,SM,0.2126542324354854,0.1931567455408935,0.2051094093691164,0.2013464290254623,0.2231259228844028,0.2271257676949547,0.2350997234604278,0.1754287493622003,0.2082169767420024,0.217442981972428,0.2249036214989798,0.239087722858019,0.2426915858219105,0.266988946166479,0.249295256215437,0.2090918757234418,0.2066160142406967,0.217557438737326,0.2291656336683347,0.2203752159973258,0.2392688092141723,0.2712742626198283,0.2385398721714367,0.235907153829467
NDMI,SPEI6,,,,,,,,,,,,,,0.2987421421821682,,,,,,,,,,
NDMI,T,,,0.1787025523686308,,0.1771509655983871,,0.1932911191701244,,,,0.216684538181634,,0.1992319331205433,0.242600896499539,,,0.168784835689022,,,,,,,
NDMI,WS2,,,,,0.1757720096900628,,,0.1675128553601326,,,0.1939392755858069,,,,,,,,,,,,,
NIRv,PET,0.308006556648755,0.308976169783836,0.293537302731229,0.2649058820987429,0.301428218129881,0.3369265377164175,0.2966010457484695,0.280984375057931,0.3065346707862985,0.3150394393345854,0.3295080374600881,0.333070508995415,0.3208966302949583,0.3255649657566075,0.3285544676504662,0.3223769325729325,0.2825774495285811,0.2838513286869916,0.3040588711335817,0.2703222247864971,0.2977738713030537,0.3051203578671353,0.303901679569022,0.2860281328886983
NIRv,PRE,0.3664392720513605,0.2780761576999206,0.2818745244866511,0.2712450887335509,0.2832431052487142,0.3422923512666627,0.3044560589739786,0.2351000401212253,0.2904963565156768,0.359559336575681,0.2929866073178616,0.3530368290350431,0.305283374150211,0.3704278047386387,0.3116226689900517,0.2939791257503708,0.2925508402962414,0.2890093417627704,0.3345796748931907,0.2936102143899323,0.3885445958095095,0.3813610536445703,0.2824968383332048,0.3666028727288342
NIRv,SM,0.2942284273148073,0.2633757247190867,0.2584546202679107,0.2321807774609738,0.2585324037027081,0.287982510074837,0.2829295619421492,0.2660311222389331,0.2566050891305397,0.2757388442021216,0.2885195313656026,0.299333144256255,0.2877952875819439,0.3161253374517616,0.3226358324566467,0.2914129524518545,0.2909324173189533,0.306026944577714,0.2814054774119448,0.2768005502452333,0.2866926440632485,0.3152940243544818,0.3094852271414883,0.2941923517799193
NIRv,SPEI6,,,,0.1907534958232174,,0.1943901837287455,,0.1727307469571138,0.1839929198079131,,,,,0.2893948071699678,,,,,,,,,,
NIRv,T,0.2191447705420457,0.2087574615798772,0.2089866984778624,0.1731423002652939,0.174651699708566,0.2048004255267864,0.2031614775036312,0.1867777774995163,0.1956521458323213,0.22369592862617,0.2257860397871433,0.2173850502278317,0.2032736532109791,,0.2212927281860473,0.2115342386127214,0.1882253107848479,0.2004440139042304,0.1923648410307029,0.1783353402271728,0.1981497428443463,,0.1964882106012257,0.1925071711721221
NIRv,WECS,0.2093903276201864,0.1970995549868223,0.2275569954045899,0.1732080503067606,0.1821437427890879,0.2317274956527882,0.2141520495728721,0.2056494552844496,0.2009044928298741,0.226125811936617,0.1970205970280411,0.2365498073143206,0.1911740982020849,,0.2078920489974558,0.2029393126942328,0.2048060791629786,0.1931962761600604,0.2027036950038841,0.2097825929394514,0.2056713347094592,,0.1793232788656133,0.1979247316279422
NIRv,WS2,,,0.1756215254794642,,,,,0.1728083022223183,,,0.2112904323501184,,,,,0.1775854205090762,,,,,,,,
PET,PRE,0.3816573012131272,0.2897936674533235,0.2978006493093472,0.2969385060766253,0.2897537178972755,0.3539489973116179,0.2839107735194735,0.2705237609602023,0.2951144971586939,0.4253280042590464,0.3249792723093043,0.4185345359391834,0.3225929919171565,0.4404679322796564,0.3686531553746962,0.2990938650897742,0.2930186312337497,0.3469665942645292,0.3404509587783319,0.295745600501561,0.3812967600177308,0.4239198378663991,0.3027127990991292,0.3825999758452154
PET,SM,0.3344543789289784,0.3263160364663806,0.3123598556209003,0.3075165161284849,0.3196378699662459,0.3092770423616058,0.3028938970790938,0.3010877112835842,0.2858962512555127,0.3384922783284266,0.3132485626800823,0.3354228128835606,0.326004656803901,0.3567431561559435,0.3595579974804786,0.3559094166299262,0.29975029667992,0.3010638050495951,0.3198615936607018,0.3196727688774459,0.3468369322110459,0.3876541735942217,0.3681414553568159,0.3406331648687246
PET,SPEI6,,,0.2160812285132679,0.2235648524229778,,0.2266196856065052,0.2138713533816407,0.2331318463611598,0.2865445582160039,0.288329307006615,,0.2434246045913709,,0.4679242366089636,,,0.1784473956941407,0.1949364150236371,,,,0.3541513946239801,,0.1985027222586939
PET,T,0.4480505938510742,0.435850417869477,0.4637793508089282,0.3979470317121667,0.4140485433454973,0.4029408978617949,0.4709620183465303,0.3937066757900653,0.4203049069662893,0.4051841019926945,0.423552644212326,0.385382230083459,0.3950246686338731,0.453177416986028,0.434596852372857,0.4229414903778,0.4340717086735907,0.3856032729912105,0.4136761439050239,0.3827132836027927,0.4078513771211546,0.4649172052593435,0.3995373959659897,0.4378940491607871
PET,WECS,,0.1820677171012236,0.1819189487353256,,0.2030503449058536,0.2110015714264345,,0.1765290082354305,,,,0.2149561253009683,0.1846884741068731,,,0.1868267318862833,0.1761874771612969,0.1953455555839449,0.1789153558476724,0.1906055591237084,0.194400376324981,,0.1868292146899803,
PET,WS2,,,,,0.1758617890736657,,,,,,0.2099861257303828,,,,,0.1790783191334483,0.168443474749532,,,,,,,
PRE,SM,0.3635189147737941,0.3549580126251561,0.3395702728454161,0.3952047721110578,0.3323061081731635,0.3470566214808671,0.3638085147997165,0.2812796491295437,0.3662530804393912,0.3828846975645052,0.3312231658330289,0.3827846395598761,0.3731264529298571,0.4369410870227274,0.3866920616126721,0.303713632006291,0.329341800537743,0.3424439355153509,0.355099789138224,0.3635684507113493,0.4095289348886064,0.4182480646276631,0.3640997643081762,0.3912945184091793
PRE,SPEI6,,,,0.1762787790991585,,0.2750895592478523,,0.1680220892653454,0.1823498757600079,0.2695816050761539,,0.2840593189903795,,0.3651960780623319,,,,,,,,0.2674575211211769,,
PRE,T,0.23626010703467,0.1920822175281756,0.1841352240587624,0.1825586453922315,,,0.2013997745616281,,0.1830069126415361,0.2682137187269537,0.2048702104563984,0.2232143834390467,0.1871215859944509,0.2978733341323199,0.2370004122236514,0.1827748277554629,0.1983463341722768,0.2077846723694667,0.2013591469352713,0.1780546492182545,0.2435632206004395,0.2854459238521974,0.1714848794139225,0.2358311353791134
PRE,WECS,,,,,,0.1919132221653369,,,,0.216291212429084,,0.2402253982835422,,0.2333657859880472,0.2029458781660968,,,,,,0.2133238550113531,0.2246794686820006,,
PRE,WS2,,0.1779866282768824,,,,,,,,0.212417244650205,,,,,0.2094286744165621,,,,,,,0.2160196219455567,,
SM,SPEI6,,,,,,,,0.1681348407185358,0.181797341194419,,,,,0.3003330949730941,,,,0.1796497125044803,,,,0.238052417884916,,
SM,T,0.2437336388619659,0.2048476983378906,0.205224580374395,0.1906303976029615,0.1948938797308454,0.1974365360157679,0.2170293595248452,0.1851828323493573,,0.246753142931993,0.2226372349851888,0.2123330815540274,0.1986995175205045,0.2495128162762387,0.2356776305402727,0.2253719236630801,0.2109088632541013,0.2150273327192879,0.2088527142849086,0.2067589983536316,0.2169808784382046,0.2675046874886982,0.2323939800873363,0.2242289385202825
SM,WECS,,0.1724988764464231,,,,,,,,,,,,,,,,,,,0.1841339731281342,,0.1711050559106404,
SPEI6,T,,,,0.257146387120982,0.1800790714476154,,0.257497626964382,0.2687044473635924,0.2372979724023459,0.2384335485550032,0.2227166714145022,,0.2021526252788794,0.3877791231843356,0.2416770681560728,,,0.2765008330132044,,0.1840761840213609,,0.3206317843102996,,
WECS,WS2,0.2199167478832827,0.2186256383269713,0.2343604442103228,0.2372516552999398,0.2168443582371555,0.2637752931852464,0.2208548364847154,0.2146139935558906,0.223123964762459,0.2180280801368069,0.2260912424954439,0.2303878299103258,0.2298179029515896,,0.2571388073485982,0.2276772952329439,0.257048446262396,0.2511134956995343,0.2517815466005865,0.2324127734156589,0.2287016288711834,0.2140722201968134,0.2309712226673601,0.2263673770427422
